U511908,C126767,active
U139455,C300581,active
U297015,C696253,active
U192467,C732380,active
U387250,C628944,active
U387250,C424294,active
U346561,C628944,active
U144991,C032306,active
U387250,C165687,active
U144991,C967824,active
U266829,C628944,deleted
U139455,C732380,active
U812256,C904302,active
U144991,C628944,active
U824115,C732380,active
U144991,C628944,active
U806445,C069987,active
U979173,C300581,active
U180698,C035962,active
U346561,C300581,active
U812256,C165687,active
U346561,C696253,active
U977454,C424294,active
U812256,C732380,active
U977454,C732380,active
U966556,C165687,deleted
U266829,C424294,active
U192467,C628944,active
U966556,C165687,active
U812256,C696253,active
U917218,C628944,active
U144991,C035962,deleted
U216074,C696253,active
U511908,C032306,active
U192467,C069987,active
U917218,C032306,active
U652606,C300581,active
U297015,C035962,active
U511908,C967824,active
U652606,C032306,active
U292615,C035962,active
U346561,C165687,active
U387250,C300581,active
U872282,C165687,active
U917218,C696253,active
U966556,C696253,active
U292615,C696253,active
U652606,C696253,active
U917218,C424294,deleted
U966556,C069987,active
U652606,C424294,deleted
U180698,C696253,active
U824115,C300581,active
U917218,C424294,deleted
U266829,C424294,active
U977454,C732380,active
U652606,C300581,active
U192467,C732380,active
U346561,C628944,active
U144991,C967824,deleted
U917218,C628944,active
U806445,C069987,active
U977454,C424294,active
U824115,C300581,deleted
U652606,C032306,active
U917218,C032306,active
U531649,C126767,active
U346561,C696253,active
U401211,C035962,active
U966556,C696253,active
U966556,C165687,deleted
U806445,C066422,active
U511908,C032306,deleted
U872282,C165687,active
U346561,C165687,active
U700516,C628944,active
U180698,C696253,active
U139455,C300581,active
U144991,C628944,active
U387250,C424294,active
U180698,C035962,active
U443006,C696253,active
U192467,C628944,active
U292615,C696253,active
U812256,C696253,active
U511908,C069987,active
U144991,C628944,active
U979173,C300581,active
U387250,C628944,active
U511908,C967824,active
U387250,C165687,active
U812256,C165687,active
U144991,C032306,deleted
U192467,C069987,active
U297015,C696253,active
U812256,C732380,active
U966556,C069987,active
U144991,C035962,deleted
U824115,C732380,deleted
U292615,C035962,active
U917218,C696253,active
U139455,C732380,active
U966556,C165687,active
U652606,C696253,active
U346561,C300581,active
U511908,C126767,active
U297015,C035962,active
U387250,C300581,active
U652606,C424294,deleted
U266829,C628944,deleted
U144991,C035962,deleted
U297015,C696253,active
U144991,C628944,active
U979173,C300581,active
U872282,C165687,active
U346561,C300581,active
U401211,C035962,active
U215381,C921807,active
U917218,C424294,deleted
U180698,C696253,active
U180698,C035962,active
U346561,C696253,active
U387250,C300581,active
U266829,C628944,deleted
U812256,C732380,active
U917218,C967824,active
U387250,C165687,active
U511908,C967824,active
U652606,C300581,active
U297015,C035962,active
U824115,C300581,active
U139455,C732380,active
U652606,C032306,active
U531649,C126767,active
U511908,C032306,deleted
U977454,C732380,active
U966556,C165687,deleted
U266829,C424294,active
U652606,C696253,active
U966556,C165687,active
U292615,C780004,deleted
U144991,C032306,active
U346561,C165687,active
U917218,C628944,active
U824115,C732380,active
U292615,C035962,active
U917218,C696253,active
U144991,C967824,deleted
U387250,C069987,active
U700672,C424294,active
U652606,C424294,deleted
U346561,C628944,active
U806445,C069987,active
U139455,C300581,active
U192467,C732380,active
U700516,C628944,deleted
U812256,C696253,active
U192467,C628944,active
U812256,C165687,active
U443006,C126767,deleted
U966556,C069987,active
U387250,C424294,active
U476616,C035962,deleted
U387250,C628944,active
U511908,C126767,active
U917218,C032306,active
U966556,C696253,active
U977454,C424294,active
U544305,C494738,active
U192467,C069987,active
U292615,C696253,active
U443006,C696253,active
U144991,C628944,active
U511908,C069987,active
U979173,C300581,active
U966556,C165687,deleted
U292615,C035962,active
U917218,C696253,active
U387250,C300581,active
U966556,C165687,active
U872282,C165687,active
U266829,C424294,active
U292615,C696253,deleted
U700516,C628944,deleted
U812256,C696253,active
U977454,C732380,active
U511908,C967824,deleted
U806445,C069987,active
U401211,C035962,active
U700672,C628944,deleted
U346561,C165687,active
U443006,C696253,active
U812256,C165687,active
U824115,C732380,active
U652606,C300581,active
U192467,C628944,active
U144991,C967824,deleted
U387250,C069987,active
U977454,C424294,active
U917218,C628944,active
U297015,C696253,active
U387250,C424294,active
U144991,C035962,deleted
U297015,C035962,active
U144991,C032306,active
U652606,C032306,deleted
U966556,C069987,active
U192467,C732380,deleted
U917218,C424294,active
U938803,C439738,deleted
U192467,C069987,active
U139455,C300581,active
U144991,C628944,active
U476616,C035962,deleted
U652606,C424294,deleted
U139455,C439738,active
U812256,C069987,deleted
U346561,C300581,active
U917218,C032306,active
U511908,C126767,deleted
U346561,C696253,active
U139455,C732380,active
U812256,C732380,active
U531649,C126767,active
U346561,C628944,active
U443006,C126767,deleted
U387250,C628944,active
U966556,C696253,active
U652606,C696253,active
U266829,C628944,deleted
U387250,C165687,active
U824115,C300581,active
U511908,C032306,deleted
U511908,C069987,active
U144991,C628944,active
U215381,C921807,active
U700672,C424294,active
U180698,C035962,active
U917218,C967824,active
U180698,C696253,active
U511908,C967824,active
U819537,C126767,deleted
U297015,C696253,active
U700516,C628944,deleted
U346561,C165687,active
U806445,C069987,active
U511908,C032306,active
U292615,C696253,deleted
U812256,C696253,active
U144991,C967824,deleted
U401211,C035962,active
U966556,C696253,active
U387250,C628944,active
U531649,C126767,active
U139455,C732380,active
U977454,C732380,deleted
U700516,C963278,active
U144991,C628944,active
U977454,C424294,active
U966556,C165687,active
U387250,C424294,active
U511908,C069987,active
U266829,C628944,deleted
U139455,C439738,active
U192467,C732380,deleted
U387250,C165687,active
U139455,C300581,active
U292615,C035962,active
U812256,C069987,deleted
U652606,C696253,active
U297015,C035962,active
U652606,C300581,active
U223076,C069987,active
U700672,C424294,active
U872282,C165687,active
U917218,C967824,active
U824115,C300581,active
U511908,C457004,deleted
U812256,C165687,active
U917218,C628944,active
U443006,C696253,active
U387250,C069987,active
U443006,C126767,active
U387250,C300581,active
U917218,C032306,active
U652606,C032306,deleted
U700672,C628944,deleted
U511908,C126767,deleted
U266829,C424294,active
U812256,C732380,active
U917218,C424294,active
U476616,C035962,active
U938803,C439738,deleted
U443006,C035962,active
U507687,C732380,deleted
U192467,C628944,active
U144991,C035962,active
U192467,C069987,active
U652606,C424294,deleted
U346561,C628944,active
U346561,C696253,active
U144991,C628944,active
U979173,C300581,active
U180698,C696253,active
U346561,C300581,active
U144991,C032306,active
U966556,C069987,active
U917218,C696253,active
U824115,C732380,deleted
U180698,C035962,active
U443006,C126767,active
U215381,C921807,active
U966556,C165687,active
U443006,C035962,active
U966556,C069987,active
U511908,C032306,active
U387250,C628944,active
U346561,C300581,active
U700672,C424294,active
U180698,C696253,active
U560122,C126767,active
U652606,C696253,active
U144991,C628944,active
U652606,C300581,active
U139455,C300581,active
U824115,C732380,deleted
U977454,C424294,active
U511908,C126767,deleted
U401211,C035962,active
U346561,C628944,active
U700516,C628944,active
U443006,C126767,active
U297015,C696253,deleted
U812256,C069987,deleted
U215381,C921807,active
U966556,C165687,active
U819537,C126767,active
U192467,C732380,active
U917218,C032306,active
U266829,C424294,active
U192467,C035962,active
U387250,C300581,active
U297015,C035962,active
U977454,C732380,deleted
U387250,C069987,active
U139455,C439738,active
U511908,C967824,active
U443006,C126767,active
U531649,C126767,active
U139455,C921807,deleted
U917218,C628944,active
U346561,C696253,deleted
U917218,C696253,deleted
U144991,C032306,active
U917218,C967824,active
U144991,C628944,active
U443006,C696253,active
U511908,C069987,active
U812256,C732380,active
U192467,C069987,active
U139455,C732380,active
U824115,C300581,active
U812256,C165687,active
U292615,C035962,deleted
U812256,C696253,deleted
U387250,C165687,active
U387250,C424294,deleted
U346561,C165687,active
U494988,C212550,active
U938803,C439738,deleted
U652606,C032306,deleted
U966556,C696253,active
U180698,C035962,active
U144991,C035962,active
U144991,C967824,deleted
U966556,C165687,active
U476616,C035962,active
U266829,C628944,deleted
U806445,C289566,active
U346561,C494738,active
U700672,C628944,active
U292615,C696253,deleted
U507687,C732380,deleted
U872282,C165687,active
U917218,C424294,active
U806445,C069987,deleted
U192467,C628944,active
U700516,C963278,active
U979173,C300581,deleted
U652606,C424294,deleted
U652606,C424294,deleted
U144991,C628944,active
U192467,C732380,active
U387250,C628944,active
U401211,C035962,active
U387250,C300581,active
U443006,C035962,active
U144991,C628944,active
U966556,C696253,active
U139455,C921807,deleted
U819537,C126767,active
U966556,C069987,active
U507687,C732380,deleted
U511908,C069987,active
U917218,C628944,active
U176749,C222487,active
U700672,C424294,active
U833377,C145137,active
U180698,C696253,active
U806445,C289566,active
U700516,C963278,active
U877257,C126767,active
U297015,C696253,deleted
U966556,C165687,active
U387250,C424294,deleted
U652606,C300581,active
U531649,C126767,active
U192467,C069987,active
U346561,C300581,active
U387250,C165687,active
U812256,C069987,deleted
U266829,C628944,deleted
U511908,C126767,deleted
U917218,C967824,active
U700672,C628944,active
U297015,C035962,active
U215381,C921807,active
U812256,C732380,active
U966556,C165687,active
U824115,C300581,active
U812256,C165687,active
U443006,C126767,active
U652606,C032306,deleted
U872282,C165687,active
U806445,C069987,deleted
U700516,C628944,active
U346561,C696253,deleted
U292615,C696253,deleted
U266829,C424294,active
U652606,C222487,active
U511908,C032306,active
U917218,C424294,active
U652606,C696253,active
U139455,C732380,active
U346561,C494738,active
U443006,C696253,active
U192467,C035962,active
U346561,C165687,active
U139455,C439738,active
U139455,C300581,active
U824115,C732380,deleted
U938803,C439738,deleted
U144991,C032306,active
U144991,C967824,deleted
U180698,C035962,active
U476616,C035962,active
U387250,C069987,active
U812256,C696253,deleted
U977454,C732380,deleted
U617555,C035962,active
U192467,C628944,active
U511908,C967824,active
U977454,C424294,active
U346561,C628944,active
U979173,C300581,deleted
U917218,C696253,deleted
U292615,C035962,deleted
U443006,C126767,active
U144991,C035962,active
U917218,C032306,active
U979173,C035962,deleted
U872282,C165687,active
U443006,C126767,active
U346561,C494738,active
U176749,C222487,active
U297015,C696253,deleted
U387250,C069987,active
U507687,C732380,deleted
U617555,C035962,active
U819537,C126767,active
U812256,C069987,deleted
U401211,C035962,active
U511908,C032306,active
U144991,C628944,active
U192467,C628944,active
U938803,C663390,active
U806445,C289566,active
U917218,C424294,deleted
U700516,C963278,active
U877257,C126767,active
U806445,C069987,active
U652606,C222487,active
U443006,C035962,active
U966556,C165687,active
U917218,C696253,active
U511908,C126767,active
U192467,C069987,active
U387250,C300581,active
U346561,C696253,deleted
U346561,C300581,deleted
U144991,C032306,deleted
U812256,C732380,active
U266829,C424294,active
U139455,C921807,deleted
U652606,C300581,active
U824115,C300581,active
U144991,C035962,active
U139455,C439738,active
U387250,C165687,active
U144991,C967824,deleted
U476616,C035962,deleted
U443006,C696253,active
U966556,C696253,active
U917218,C628944,active
U139455,C300581,active
U917218,C967824,active
U652606,C696253,active
U144991,C628944,active
U700672,C424294,active
U966556,C069987,active
U824115,C732380,active
U917218,C696253,deleted
U977454,C424294,active
U266829,C628944,deleted
U192467,C035962,active
U966556,C165687,active
U979173,C300581,active
U346561,C165687,active
U292615,C035962,deleted
U812256,C696253,deleted
U443006,C126767,active
U139455,C732380,active
U346561,C628944,active
U387250,C628944,active
U917218,C032306,active
U917218,C732380,active
U977454,C732380,deleted
U833377,C145137,deleted
U979173,C035962,deleted
U266829,C145137,deleted
U531649,C126767,active
U180698,C696253,deleted
U192467,C732380,active
U700516,C628944,active
U700672,C628944,deleted
U511908,C967824,active
U812256,C165687,active
U292615,C696253,deleted
U387250,C424294,deleted
U652606,C032306,deleted
U938803,C439738,deleted
U215381,C921807,active
U180698,C035962,active
U297015,C035962,active
U652606,C424294,deleted
U511908,C069987,active
U511908,C069987,active
U387250,C069987,active
U266829,C424294,active
U387250,C300581,active
U872282,C165687,active
U139455,C439738,active
U139455,C921807,deleted
U443006,C035962,active
U966556,C069987,active
U806445,C289566,active
U511908,C032306,active
U917218,C696253,active
U652606,C424294,deleted
U144991,C628944,active
U812256,C696253,deleted
U443006,C696253,active
U387250,C628944,active
U443006,C126767,active
U917218,C628944,active
U144991,C628944,active
U215381,C921807,active
U507687,C732380,deleted
U288161,C313224,active
U812256,C165687,active
U652606,C032306,deleted
U833377,C145137,deleted
U346561,C696253,deleted
U180698,C696253,deleted
U139455,C732380,active
U192467,C628944,active
U652606,C696253,active
U180698,C035962,active
U531649,C126767,active
U877257,C126767,active
U266829,C628944,deleted
U700516,C963278,active
U266829,C145137,deleted
U144991,C032306,deleted
U824115,C732380,active
U917218,C732380,active
U812256,C069987,deleted
U824115,C300581,active
U144991,C035962,active
U977454,C732380,deleted
U443006,C126767,active
U812256,C732380,active
U917218,C032306,active
U966556,C696253,active
U511908,C126767,active
U192467,C035962,active
U511908,C967824,active
U966556,C165687,active
U139455,C300581,active
U346561,C300581,deleted
U700516,C628944,active
U977454,C424294,active
U297015,C696253,deleted
U917218,C696253,deleted
U292615,C035962,deleted
U346561,C494738,active
U387250,C424294,deleted
U700672,C424294,active
U966556,C165687,active
U819537,C126767,active
U917218,C967824,active
U192467,C732380,active
U346561,C165687,active
U556850,C963278,active
U979173,C967824,active
U652606,C222487,active
U700672,C628944,deleted
U979173,C035962,deleted
U346561,C628944,active
U144991,C967824,deleted
U288161,C289566,deleted
U176749,C222487,active
U292615,C696253,deleted
U401211,C035962,active
U917218,C424294,deleted
U617555,C035962,active
U387250,C165687,active
U476616,C035962,deleted
U652606,C300581,active
U938803,C439738,deleted
U938803,C663390,active
U806445,C069987,active
U979173,C300581,active
U192467,C069987,active
U297015,C035962,active
U917218,C032306,active
U288161,C289566,deleted
U511908,C032306,active
U292615,C035962,deleted
U346561,C732380,active
U346561,C300581,deleted
U139455,C300581,active
U556850,C963278,deleted
U938803,C663390,active
U812256,C069987,deleted
U176749,C222487,active
U877257,C126767,active
U812256,C165687,active
U144991,C035962,active
U292615,C696253,deleted
U979173,C035962,deleted
U443006,C126767,active
U346561,C628944,active
U877257,C732380,active
U180698,C696253,active
U180698,C035962,active
U917218,C696253,active
U872282,C165687,active
U511908,C126767,active
U966556,C165687,active
U700672,C628944,active
U700516,C963278,active
U833377,C145137,deleted
U977454,C424294,active
U966556,C696253,active
U346561,C494738,deleted
U652606,C032306,active
U387250,C069987,active
U652606,C300581,active
U297015,C628944,deleted
U443006,C035962,active
U144991,C967824,deleted
U443006,C696253,active
U917218,C696253,deleted
U346561,C696253,deleted
U917218,C732380,active
U917218,C628944,active
U806445,C069987,active
U511908,C967824,active
U192467,C732380,deleted
U617555,C035962,active
U215381,C921807,active
U979173,C300581,active
U192467,C628944,deleted
U443006,C126767,active
U297015,C035962,active
U266829,C145137,deleted
U139455,C921807,deleted
U387250,C424294,active
U192467,C069987,deleted
U387250,C300581,deleted
U652606,C424294,deleted
U824115,C300581,active
U401211,C035962,active
U144991,C628944,active
U812256,C696253,deleted
U700672,C424294,active
U266829,C628944,deleted
U346561,C165687,active
U288161,C313224,active
U346561,C289566,deleted
U476616,C035962,deleted
U387250,C628944,active
U938803,C439738,deleted
U266829,C424294,active
U700516,C628944,deleted
U917218,C967824,active
U507687,C732380,deleted
U983350,C035962,deleted
U966556,C069987,active
U652606,C696253,active
U824115,C732380,deleted
U387250,C165687,active
U977454,C732380,deleted
U966556,C165687,active
U819537,C126767,active
U297015,C696253,deleted
U192467,C035962,active
U917218,C424294,deleted
U139455,C732380,active
U812256,C732380,active
U144991,C628944,active
U531649,C126767,active
U979173,C967824,active
U139455,C439738,active
U806445,C289566,active
U511908,C069987,active
U144991,C032306,active
U652606,C222487,active
